,title,episode of,season,episode,rating,votes,original air date,year,plot,show_code
0,Welcome to the Hellmouth,Buffy the Vampire Slayer,1,1,8.201234567891,3405,1997-03-10,1997,"
    When teen vampire slayer Buffy tries to start a new life at Sunnydale High, she discovers that the school sits atop a demonic dimensional portal.    ",buffy
1,The Harvest,Buffy the Vampire Slayer,1,2,8.001234567891,2941,1997-03-10,1997,"
    Buffy and her friends encounter a powerful vampire bent on opening a portal to a dimension inhabited by demons.    ",buffy
2,Witch,Buffy the Vampire Slayer,1,3,7.801234567891,2963,1997-03-17,1997,"
    Buffy suspects she has a witch on her hands when the cheerleading squad falls victim to sudden blindness and spontaneous combustion.    ",buffy
3,Teacher's Pet,Buffy the Vampire Slayer,1,4,7.001234567891,2858,1997-03-24,1997,"
    Buffy's biology teacher is killed by a giant praying mantis that assumes the form of a beautiful substitute teacher.    ",buffy
4,Never Kill a Boy on the First Date,Buffy the Vampire Slayer,1,5,7.501234567891,2699,1997-03-31,1997,"
    With Buffy preoccupied by her date with Owen, Giles is trapped by a group of vampires seeking to raise a powerful leader.    ",buffy
5,The Pack,Buffy the Vampire Slayer,1,6,7.501234567891,2817,1997-04-07,1997,"
    Xander and several other students are possessed by the spirit of a demonic breed of hyenas that wreak havoc at the high school    ",buffy
6,Angel,Buffy the Vampire Slayer,1,7,8.601234567891,2934,1997-04-14,1997,"
    Buffy discovers Angel's dark secret and hesitates to do anything about it, which could spell danger for someone she loves.    ",buffy
7,"I, Robot... You, Jane",Buffy the Vampire Slayer,1,8,6.801234567891,2725,1997-04-28,1997,"
    Willow's new Internet chat buddy turns out to be a powerful demon electronically unleashed from a centuries-old, newly digitized book.    ",buffy
8,The Puppet Show,Buffy the Vampire Slayer,1,9,7.801234567891,2767,1997-05-05,1997,"
    Buffy suspects that a ventriloquist's dummy may be harvesting organs from classmates performing in a talent show.    ",buffy
9,Nightmares,Buffy the Vampire Slayer,1,10,8.301234567891,2706,1997-05-12,1997,"
    A series of strange occurrences lead Buffy and her friends to discover that their worst nightmares have literally become reality.    ",buffy
10,"Out of Mind, Out of Sight",Buffy the Vampire Slayer,1,11,7.801234567891,2636,1997-05-19,1997,"
    When an invisible menace starts attacking students and faculty at Sunnydale High, the Scooby Gang traces the problem back to Cordelia.    ",buffy
11,Prophecy Girl,Buffy the Vampire Slayer,1,12,8.901234567891,2922,1997-06-02,1997,"
    Giles discovers an ancient book foretelling Buffy's death at the hands of the Master.    ",buffy
12,When She Was Bad,Buffy the Vampire Slayer,2,1,8.201234567891,2674,1997-09-15,1997,"
    Buffy returns from summer vacation sporting an attitude and suffers from recurring nightmares involving the Master. Meanwhile, the Anointed One and his followers plot their revenge.    ",buffy
13,Some Assembly Required,Buffy the Vampire Slayer,2,2,7.101234567891,2514,1997-09-22,1997,"
    Two science club nerds use body parts to create the ""perfect girlfriend"" for a teenager who has been brought back from the dead.    ",buffy
14,School Hard,Buffy the Vampire Slayer,2,3,8.901234567891,2826,1997-09-29,1997,"
    Buffy's mother and friends become trapped inside Sunnydale High School when a vampire named Spike launches an attack against the Slayer on Parent-Teacher night.    ",buffy
15,Inca Mummy Girl,Buffy the Vampire Slayer,2,4,7.301234567891,2546,1997-10-06,1997,"
    An Incan Princess mummy is reanimated in Sunnydale where she sucks the life force from others in order to stay alive.    ",buffy
16,Reptile Boy,Buffy the Vampire Slayer,2,5,7.201234567891,2499,1997-10-13,1997,"
    Buffy and Cordelia attend a frat party where they are offered as human sacrifices to a reptile-like creature.    ",buffy
17,Halloween,Buffy the Vampire Slayer,2,6,8.901234567891,3050,1997-10-27,1997,"
    On Halloween, Buffy and her friends patronize an unusual costume shop where customers turn into whatever costume they are wearing.    ",buffy
18,Lie to Me,Buffy the Vampire Slayer,2,7,8.401234567891,2599,1997-11-03,1997,"
    Buffy is lured into a trap by a group of undead wannabes who hope that Spike will make them vampires in exchange for giving him the Slayer.    ",buffy
19,The Dark Age,Buffy the Vampire Slayer,2,8,7.901234567891,2403,1997-11-10,1997,"
    Giles' past comes back to haunt him as a demon he and Ethan Rayne summoned in their wild youth seeks them out in Sunnydale.    ",buffy
20,What's My Line?: Part 1,Buffy the Vampire Slayer,2,9,8.301234567891,2469,1997-11-17,1997,"
    Spike brings in three professional bounty hunters to eliminate Buffy while she ponders on what her profession might be if her fate wasn't already sealed.    ",buffy
21,What's My Line?: Part 2,Buffy the Vampire Slayer,2,10,8.601234567891,2501,1997-11-24,1997,"
    Buffy joins forces with another Slayer in hopes of saving Angel from the clutches of Spike and Drusilla.    ",buffy
22,Ted,Buffy the Vampire Slayer,2,11,7.601234567891,2555,1997-12-08,1997,"
    Buffy's mom introduces her new boyfriend, who charms everyone except Buffy. When she confronts his dark side, she is left questioning her actions.    ",buffy
23,Bad Eggs,Buffy the Vampire Slayer,2,12,6.501234567891,2474,1998-01-12,1998,"
    Buffy and her friends encounter even more trouble than expected when the eggs they are given in health class turn out to be prehistoric parasites that take over their lives.    ",buffy
24,Surprise,Buffy the Vampire Slayer,2,13,8.701234567891,2656,1998-01-19,1998,"
    To give Buffy a surprise on her 17th birthday, Drusilla and Spike bring together the body parts of a dismembered demon who cannot be killed.    ",buffy
25,Innocence,Buffy the Vampire Slayer,2,14,9.301234567891,3036,1998-01-20,1998,"
    Buffy and her friends battle the Judge and face unexpected danger from Angel, who has lost his soul after experiencing a moment of true happiness.    ",buffy
26,Phases,Buffy the Vampire Slayer,2,15,8.201234567891,2411,1998-01-27,1998,"
    Buffy and her friends discover secrets about themselves as they battle a werewolf, its hunter, and their own emotions.    ",buffy
27,"Bewitched, Bothered and Bewildered",Buffy the Vampire Slayer,2,16,8.801234567891,2951,1998-02-10,1998,"
    As Valentine's Day approaches, Xander tries to improve his love life through witchcraft and finds himself with too much of a good thing.    ",buffy
28,Passion,Buffy the Vampire Slayer,2,17,9.401234567891,3331,1998-02-24,1998,"
    Angel steps up his torment of Buffy and her friends as Jenny searches for a way to restore his soul.    ",buffy
29,Killed by Death,Buffy the Vampire Slayer,2,18,7.501234567891,2462,1998-03-03,1998,"
    While hospitalized with a severe case of the flu, Buffy battles a demon that sucks the life out of sick children.    ",buffy
30,I Only Have Eyes for You,Buffy the Vampire Slayer,2,19,8.601234567891,2744,1998-04-21,1998,"
    Sunnydale High School is haunted by the ghosts of a former student and teacher who reenact their tragic romance through the bodies of the school's current inhabitants.    ",buffy
31,Go Fish,Buffy the Vampire Slayer,2,20,6.701234567891,2489,1998-05-05,1998,"
    Members of the Sunnydale swim team are killed by a gill monster of unknown origins.    ",buffy
32,Becoming: Part 1,Buffy the Vampire Slayer,2,21,9.201234567891,2901,1998-05-12,1998,"
    Angel plots to revive an ancient demon bent of sweeping everything on earth into hell itself.    ",buffy
33,Becoming: Part 2,Buffy the Vampire Slayer,2,22,9.601234567891,3496,1998-05-19,1998,"
    Spike strikes an unlikely alliance with Buffy to keep Angel from destroying the world.    ",buffy
34,Anne,Buffy the Vampire Slayer,3,1,8.001234567891,2707,1998-09-29,1998,"
    Buffy -- living on her own in a big city -- assists a girl whose boyfriend has mysteriously vanished. Back in Sunnydale, Buffy's friends do their best to battle the forces of evil.    ",buffy
35,Dead Man's Party,Buffy the Vampire Slayer,3,2,7.601234567891,2380,1998-10-06,1998,"
    A Nigerian mask reanimates the dead, forcing Buffy to battle a horde of zombies.    ",buffy
36,"Faith, Hope & Trick",Buffy the Vampire Slayer,3,3,8.301234567891,2533,1998-10-13,1998,"
    A charismatic Slayer visits Sunnydale and wins over many of Buffy's friends. Meanwhile, two powerful vampires plot an attack.    ",buffy
37,Beauty and the Beasts,Buffy the Vampire Slayer,3,4,7.601234567891,2376,1998-10-20,1998,"
    Oz becomes the prime suspect when a series of animal-like attacks occur in Sunnydale.    ",buffy
38,Homecoming,Buffy the Vampire Slayer,3,5,8.201234567891,2297,1998-11-03,1998,"
    As Buffy and Cordelia vie for Homecoming Queen, a group of killers gather to participate in SlayerFest '98.    ",buffy
39,Band Candy,Buffy the Vampire Slayer,3,6,8.801234567891,2714,1998-11-10,1998,"
    Adults throughout Sunnydale behave like immature teenagers after they eat cursed candy.    ",buffy
40,Revelations,Buffy the Vampire Slayer,3,7,8.301234567891,2404,1998-11-17,1998,"
    With some help from Faith's new watcher, Buffy seeks to destroy a weapon-like glove before it falls into the hands of a demon.    ",buffy
41,Lovers Walk,Buffy the Vampire Slayer,3,8,8.901234567891,2958,1998-11-24,1998,"
    Spike returns to Sunnydale and kidnaps Willow in hopes of creating a magic spell that will make Drusilla love him again.    ",buffy
42,The Wish,Buffy the Vampire Slayer,3,9,9.201234567891,3110,1998-12-08,1998,"
    Cordelia's wish for a Buffy-free Sunnydale comes true, plunging her into a world where vampires have control of the town.    ",buffy
43,Amends,Buffy the Vampire Slayer,3,10,8.501234567891,2585,1998-12-15,1998,"
    As the Christmas holiday approaches, Angel is tormented by evil apparitions who want him to eliminate Buffy.    ",buffy
44,Gingerbread,Buffy the Vampire Slayer,3,11,6.901234567891,2352,1999-01-12,1999,"
    After discovering the corpses of two young children bearing a symbol linked to the occult, Joyce spearheads a campaign to rid Sunnydale of witches.    ",buffy
45,Helpless,Buffy the Vampire Slayer,3,12,8.501234567891,2423,1999-01-19,1999,"
    As her birthday approaches, Buffy loses her slayer powers and must do battle with a vampire who is not only extremely powerful but also quite mad.    ",buffy
46,The Zeppo,Buffy the Vampire Slayer,3,13,8.801234567891,2946,1999-01-26,1999,"
    Xander experiences an adventure of his own when he encounters a group of reanimated corpses out to construct a bomb. Meanwhile, Buffy and her friends battle the forces of evil when the Hellmouth reopens.    ",buffy
47,Bad Girls,Buffy the Vampire Slayer,3,14,8.501234567891,2457,1999-02-09,1999,"
    Faith convinces Buffy to live on the wild side, with fatal consequences.    ",buffy
48,Consequences,Buffy the Vampire Slayer,3,15,8.401234567891,2330,1999-02-16,1999,"
    A homicide detective closes in on Buffy and Faith as he investigates the deputy mayor's death.    ",buffy
49,Doppelgangland,Buffy the Vampire Slayer,3,16,9.301234567891,3088,1999-02-23,1999,"
    While casting a magic spell, Anya and Willow accidentally summon Willow's evil double from an alternate universe.    ",buffy
50,Enemies,Buffy the Vampire Slayer,3,17,8.701234567891,2397,1999-03-16,1999,"
    As Faith attempts to seduce Angel and steal his soul, the Mayor summons a dark-magic demon to finish the job.    ",buffy
51,Choices,Buffy the Vampire Slayer,3,19,8.401234567891,2316,1999-05-04,1999,"
    The Mayor takes Willow prisoner after Buffy and her friends steal away a box containing demonic energy needed for Ascension Day.    ",buffy
52,The Prom,Buffy the Vampire Slayer,3,20,8.801234567891,2563,1999-05-11,1999,"
    After Angel breaks off their relationship, Buffy single-handedly battles three fearsome hell hounds so that her classmates can enjoy their senior prom.    ",buffy
53,Graduation Day: Part 1,Buffy the Vampire Slayer,3,21,9.101234567891,2671,1999-05-18,1999,"
    In an effort to distract Buffy from the Ascension, the mayor instructs Faith to poison Angel.    ",buffy
54,Graduation Day: Part 2,Buffy the Vampire Slayer,3,22,9.301234567891,2822,1999-07-13,1999,"
    On Ascension Day, Buffy and her friends prepare for the ultimate battle as they face off against the mayor and a horde of vampires.    ",buffy
55,Earshot,Buffy the Vampire Slayer,3,18,8.901234567891,2572,1999-09-28,1999,"
    A mouthless demon infects Buffy with the ability to hear everyone's thoughts, but what starts out as a useful power soon turns into a curse.    ",buffy
56,City of...,Angel,1,1,8.601234567891,1967,1999-10-05,1999,"
    Angel relocates to Los Angeles, where he encounters a stranger who experiences visions of those in need, and a woman who lives in fear of a vampire.    ",angel
57,The Freshman,Buffy the Vampire Slayer,4,1,7.901234567891,2359,1999-10-05,1999,"
    Buffy feels like a fish out of water in her first year at college, but the mysterious disappearance of a fellow student puts her back in her element.    ",buffy
58,Lonely Heart,Angel,1,2,8.001234567891,1653,1999-10-12,1999,"
    Angel tracks a wormlike demon that preys on lonely hearts at a trendy nightclub.    ",angel
59,Living Conditions,Buffy the Vampire Slayer,4,2,7.801234567891,2388,1999-10-12,1999,"
    Buffy finds herself at odds with her new roommate and is troubled by a series of disturbing dreams involving a soul-sucking demon.    ",buffy
60,In the Dark,Angel,1,3,8.601234567891,1799,1999-10-19,1999,"
    Spike and a colleague torture Angel in hopes of ascertaining the whereabouts of a ring that makes the wearer invincible.    ",angel
61,The Harsh Light of Day,Buffy the Vampire Slayer,4,3,8.201234567891,2236,1999-10-19,1999,"
    As Buffy gets to know a charming student named Parker, Spike searches for a ring that, according to legend, makes the wearer invincible.    ",buffy
62,I Fall to Pieces,Angel,1,4,7.301234567891,1544,1999-10-26,1999,"
    Angel aids a woman being stalked by a deranged surgeon who is literally coming apart.    ",angel
63,Fear Itself,Buffy the Vampire Slayer,4,4,8.601234567891,2481,1999-10-26,1999,"
    On Halloween, Buffy and her friends find themselves trapped inside a haunted frat house complete with real bats, zombies, and a terrifying demon.    ",buffy
64,Rm w/a Vu,Angel,1,5,8.401234567891,1656,1999-11-02,1999,"
    Cordelia falls in love with a rent-controlled apartment that turns out to be haunted, and a demon comes to collect on Doyle's loans.    ",angel
65,Beer Bad,Buffy the Vampire Slayer,4,5,5.801234567891,2593,1999-11-02,1999,"
    Xander finds employment as a bartender at a pub where some of Buffy's friends turn into terrifying Cro-Magnon creatures.    ",buffy
66,Sense and Sensitivity,Angel,1,6,7.801234567891,1524,1999-11-09,1999,"
    An imprisoned criminal uses his connections to target Kate for elimination.    ",angel
67,Wild at Heart,Buffy the Vampire Slayer,4,6,8.101234567891,2258,1999-11-09,1999,"
    When Oz falls hard for a sexy singer who also happens to be a werewolf, he must choose between Willow and his own animal instincts.    ",buffy
68,The Bachelor Party,Angel,1,7,7.601234567891,1506,1999-11-16,1999,"
    Doyle receives a surprise visit from his wife, who wishes to end their marriage so that she may wed a demon.    ",angel
69,The Initiative,Buffy the Vampire Slayer,4,7,8.001234567891,1819,1999-11-16,1999,"
    Spike finds himself targeted by a group of commandos after he escapes from a military lab underneath the Sunnydale campus.    ",buffy
70,I Will Remember You,Angel,1,8,9.301234567891,2397,1999-11-23,1999,"
    Angel must make a difficult decision regarding Buffy when a demon's blood makes him mortal once more.    ",angel
71,Pangs,Buffy the Vampire Slayer,4,8,8.301234567891,2355,1999-11-23,1999,"
    On Thanksgiving, Buffy encounters the spirit of a Native American warrior whose people were wiped out by settlers.    ",buffy
72,Hero,Angel,1,9,9.001234567891,1804,1999-11-30,1999,"
    Doyle, Angel and Cordelia assist a clan of mixed-heritage demons targeted for extermination by a group of demons known as The Scourge.    ",angel
73,Something Blue,Buffy the Vampire Slayer,4,9,9.001234567891,2697,1999-11-30,1999,"
    One of Willow's spells causes her statements to become reality, with consequences both entertaining and life-threatening.    ",buffy
74,Parting Gifts,Angel,1,10,8.301234567891,1531,1999-12-14,1999,"
    Wesley joins Angel and Cordelia as he pursues a demon that mutilates creatures possessing supernatural powers.    ",angel
75,Hush,Buffy the Vampire Slayer,4,10,9.701234567891,5558,1999-12-14,1999,"
    When everyone in Sunnydale loses their voice, the Scooby Gang must silently solve the mystery of the monsters who stole their ability to speak.    ",buffy
76,Somnambulist,Angel,1,11,8.501234567891,1597,2000-01-18,2000,"
    Angel attempts to assist Kate with a murder investigation after discovering that a proteg√® from his past is responsible for a series of killing.    ",angel
77,Doomed,Buffy the Vampire Slayer,4,11,7.801234567891,2186,2000-01-18,2000,"
    While attempting to redefine her relationship with Riley, Buffy must also stop demons that are determined to reopen the Hellmouth.    ",buffy
78,Expecting,Angel,1,12,7.501234567891,1491,2000-01-25,2000,"
    Angel and Wesley search for answers when Cordelia wakes up eight and a half months pregnant.    ",angel
79,A New Man,Buffy the Vampire Slayer,4,12,8.401234567891,2245,2000-01-25,2000,"
    Ethan Rayne returns to town and transforms Giles into a demon. Spike is the only one who can help.    ",buffy
80,She,Angel,1,13,7.001234567891,1503,2000-02-08,2000,"
    Angel finds himself caught in the middle of a war between the sexes when a female demon from another dimension fights against her male oppressors.    ",angel
81,The I in Team,Buffy the Vampire Slayer,4,13,7.101234567891,1968,2000-02-08,2000,"
    Buffy teams with Riley after she is allowed access to the Initiative; Spike is targeted by commandos.    ",buffy
82,I've Got You Under My Skin,Angel,1,14,8.201234567891,1500,2000-02-15,2000,"
    Angel and Wesley perform an exorcism on a young boy possessed by a demon.    ",angel
83,Goodbye Iowa,Buffy the Vampire Slayer,4,14,6.701234567891,2042,2000-02-15,2000,"
    Tension erupts between Buffy and an ailing Riley as they pursue Professor Maggie Walsh's killer.    ",buffy
84,The Prodigal,Angel,1,15,8.201234567891,1480,2000-02-22,2000,"
    Angel seeks to solve a mystery involving Kate's father after a normally peaceful demon attacks a delivery man on the subway.    ",angel
85,This Year's Girl,Buffy the Vampire Slayer,4,15,8.601234567891,2340,2000-02-22,2000,"
    Faith awakens from her coma and seeks revenge against Buffy.    ",buffy
86,The Ring,Angel,1,16,8.201234567891,1502,2000-02-29,2000,"
    Owners of an underground arena enslave Angel and pit him against powerful demons for entertainment.    ",angel
87,Who Are You?,Buffy the Vampire Slayer,4,16,9.101234567891,2496,2000-02-29,2000,"
    Having switched bodies with Buffy, Faith enjoys freedom. Meanwhile, Buffy finds herself at the mercy of the Watcher's Council.    ",buffy
88,Eternity,Angel,1,17,8.401234567891,1518,2000-04-04,2000,"
    A television actress whose career is in a slump tries to preserve her youthful appearance by becoming one of the undead.    ",angel
89,Superstar,Buffy the Vampire Slayer,4,17,6.801234567891,2484,2000-04-04,2000,"
    Buffy senses that something is amiss when Jonathan becomes a hero to everyone in Sunnydale.    ",buffy
90,Five by Five,Angel,1,18,9.301234567891,1848,2000-04-25,2000,"
    Fed up with Angel meddling in their affairs, Wolfram and Hart hire newly arrived Faith to take him out.    ",angel
91,Where the Wild Things Are,Buffy the Vampire Slayer,4,18,6.601234567891,2417,2000-04-25,2000,"
    Buffy and Riley's passionate lovemaking energizes supernatural elements inside a frat house.    ",buffy
92,Sanctuary,Angel,1,19,9.201234567891,1815,2000-05-02,2000,"
    Angel attempts to reform Faith as Kate, the Watchers Council, and even Buffy Summers pursue her.    ",angel
93,New Moon Rising,Buffy the Vampire Slayer,4,19,8.401234567891,2191,2000-05-02,2000,"
    Oz's return to Sunnydale leads to his incarceration by the Initiative and complicates the relationship between Willow and Tara.    ",buffy
94,War Zone,Angel,1,20,8.001234567891,1450,2000-05-09,2000,"
    As Angel helps a nerdy billionaire retrieve some compromising photos, he encounters a group of street kids defending against an invasion of vampires.    ",angel
95,The Yoko Factor,Buffy the Vampire Slayer,4,20,8.301234567891,2156,2000-05-09,2000,"
    After joining forces with Adam, Spike drives a wedge between Buffy and her friends. Meanwhile, Angel's return to Sunnydale leads to a violent confrontation with Riley.    ",buffy
96,Blind Date,Angel,1,21,8.601234567891,1524,2000-05-16,2000,"
    A renegade attorney from Wolfram and Hart joins forces with Angel to stop a blind assassin from killing three children who threaten the firm.    ",angel
97,Primeval,Buffy the Vampire Slayer,4,21,8.501234567891,2220,2000-05-16,2000,"
    Having gained control of Riley's mind, Adam sets in motion his plot to create an army of unstoppable soldiers and destroy the Initiative.    ",buffy
98,To Shanshu in L.A.,Angel,1,22,9.101234567891,1569,2000-05-23,2000,"
    A scythe-wielding demon targets Angel's allies as Wolfram and Hart lawyers attempt to summon a powerful force from beyond.    ",angel
99,Restless,Buffy the Vampire Slayer,4,22,8.901234567891,3163,2000-05-23,2000,"
    Buffy, Willow, Xander, and Giles experience dreams in which they are pursued by a mysterious figure.    ",buffy
100,Judgment,Angel,2,1,8.101234567891,1486,2000-09-26,2000,"
    Misinterpreting one of Cordy's visions, Angel tries to help a pregnant woman and accidentally kills her demon protector. Now, Angel must fulfill the dead warrior's mission and fight a battle to save the woman's unborn baby. When the woman runs off though, Angel is forced to make an incredible sacrifice to find her again... He has to sing at a karaoke bar.    ",angel
101,Buffy vs. Dracula,Buffy the Vampire Slayer,5,1,7.901234567891,2306,2000-09-26,2000,"
    The one-and-only Dracula makes his way to Sunnydale and immediately has everyone enchanted. Even Buffy might not be able to resist his charms.    ",buffy
102,Are You Now or Have You Ever Been,Angel,2,2,9.101234567891,1497,2000-10-03,2000,"
    In the 1950s, Angel aids a woman hiding from her past in a hotel with a long history of death and mayhem. In the present, Angel hunts a demon.    ",angel
103,Real Me,Buffy the Vampire Slayer,5,2,7.301234567891,1856,2000-10-03,2000,"
    As Harmony and her vampire gang plot Buffy's demise, Dawn adjusts to life with a Slayer.    ",buffy
104,First Impressions,Angel,2,3,7.901234567891,1361,2000-10-10,2000,"
    Angel encounters an amorous Darla in his dreams; Cordelia vows to protect Gunn after she experiences a vision of him in mortal danger.    ",angel
105,The Replacement,Buffy the Vampire Slayer,5,3,8.201234567891,2060,2000-10-10,2000,"
    When a demon creates a Xander double, the real Xander must convince his friends of his true identity.    ",buffy
106,Untouched,Angel,2,4,8.101234567891,1346,2000-10-17,2000,"
    Angel attempts to help a girl with telekinetic powers before she falls into the hands of Wolfram and Hart.    ",angel
107,Out of My Mind,Buffy the Vampire Slayer,5,4,7.701234567891,1913,2000-10-17,2000,"
    While Riley's health begins to deteriorate, Spike and Harmony force a surgeon to remove the behavior modification chip embedded in Spike's brain.    ",buffy
108,Dear Boy,Angel,2,5,8.701234567891,1466,2000-10-24,2000,"
    Darla tries to drive Angel over the edge in hopes of getting him to embrace his dark side.    ",angel
109,No Place Like Home,Buffy the Vampire Slayer,5,5,8.001234567891,1839,2000-10-24,2000,"
    Buffy learns more about Dawn after she discovers a mysterious orb linked to a group of monks being pursued by an incredibly powerful force.    ",buffy
110,Guise Will Be Guise,Angel,2,6,8.701234567891,1455,2000-11-07,2000,"
    Angel meets with a swami to end his obsession with Darla. Meanwhile, Wesley assumes Angel's identity and plays bodyguard to a businessman's daughter.    ",angel
111,Family,Buffy the Vampire Slayer,5,6,8.001234567891,2002,2000-11-07,2000,"
    When relatives arrive in Sunnydale, to celebrate her birthday, Tara uses a magic spell on her friends to keep them from learning her ""secret."" Meanwhile, Glory unleashes a hoard of demons to hunt down Buffy.    ",buffy
112,Darla,Angel,2,7,9.201234567891,1565,2000-11-14,2000,"
    Lindsey finds himself drawn to Darla as her mental state deteriorates.    ",angel
113,Fool for Love,Buffy the Vampire Slayer,5,7,9.201234567891,2660,2000-11-14,2000,"
    After being bested in a fight by an ordinary vampire, Buffy asks Spike to explain how he killed two Slayers many years earlier.    ",buffy
114,The Shroud of Rahmon,Angel,2,8,7.801234567891,1303,2000-11-21,2000,"
    Posing as a hip Vegas vampire, Angel infiltrates a gang of thieves bent on stealing a supernatural shroud housed in a museum vault.    ",angel
115,Shadow,Buffy the Vampire Slayer,5,8,7.201234567891,1724,2000-11-21,2000,"
    Glory transforms a snake into a terrifying monster in her quest to find the Key; Joyce is hospitalized after being diagnosed with an illness.    ",buffy
116,The Trial,Angel,2,9,9.101234567891,1477,2000-11-28,2000,"
    In an attempt to save Darla's life, Angel must undergo three separate challenges that no one has ever survived.    ",angel
117,Listening to Fear,Buffy the Vampire Slayer,5,9,6.801234567891,1797,2000-11-28,2000,"
    As Joyce's sickness makes her begin doing odd things, a demon emerges from a meteorite and begins killing the mentally ill.    ",buffy
118,Reunion,Angel,2,10,9.401234567891,1607,2000-12-19,2000,"
    Angel fights to stop Darla and Drusilla as they embark on a murderous rampage across the city.    ",angel
119,Into the Woods,Buffy the Vampire Slayer,5,10,7.201234567891,1942,2000-12-19,2000,"
    After Buffy catches Riley in the clutches of a vampire-junkie, Riley makes an important decision regarding their relationship.    ",buffy
120,Triangle,Buffy the Vampire Slayer,5,11,7.601234567891,1913,2001-01-09,2001,"
    While Giles is in England meeting with the Watcher Council, a bickering Anya and Willow mind the magic store and inadvertently conjure up a fearsome troll.    ",buffy
121,Redefinition,Angel,2,11,8.801234567891,1268,2001-01-16,2001,"
    After firing Cordelia, Gunn and Wesley, Angel trains for a showdown with Darla and Drusilla while the others decide what to do with their lives.    ",angel
122,Blood Money,Angel,2,12,6.701234567891,1273,2001-01-23,2001,"
    Wolfram and Hart are sponsoring a fund raising benefit for a local teen shelter. Angel is suspicious of their motives and starts investigating. Meanwhile, Wes, Gunn and Cordy work to establish their own detective business.    ",angel
123,Checkpoint,Buffy the Vampire Slayer,5,12,8.401234567891,1964,2001-01-23,2001,"
    The Watcher Council travels to Sunnydale to review Buffy's skills as a Slayer; meanwhile, Glory puts her search for the Key into high gear.    ",buffy
124,Happy Anniversary,Angel,2,13,7.701234567891,1310,2001-02-06,2001,"
    Angel tries to stop a lovelorn physicist from stopping time forever.    ",angel
125,Blood Ties,Buffy the Vampire Slayer,5,13,8.401234567891,1923,2001-02-06,2001,"
    When Dawn learns her true identity, she runs away - only to encounter Glory.    ",buffy
126,The Thin Dead Line,Angel,2,14,8.001234567891,1282,2001-02-13,2001,"
    Angel, Gunn and Wesley battle zombie police officers who have been stalking street kids.    ",angel
127,Crush,Buffy the Vampire Slayer,5,14,8.701234567891,2036,2001-02-13,2001,"
    Buffy learns that Spike has a crush on her - a situation made all the more dangerous by Drusilla's return to Sunnydale.    ",buffy
128,Reprise,Angel,2,15,9.001234567891,1466,2001-02-20,2001,"
    On the eve of a 75-year review at Wolfram and Hart, Angel seeks a magic ring that will take him to hell to look for the firm's ""senior partners.""    ",angel
129,I Was Made to Love You,Buffy the Vampire Slayer,5,15,7.101234567891,1872,2001-02-20,2001,"
    Buffy and her friends encounter an incredibly strong female robot with only one thing on its mind - love.    ",buffy
130,Epiphany,Angel,2,16,8.901234567891,1467,2001-02-27,2001,"
    Angel has an epiphany which has him questioning his actions over the past few months. Meanwhile, the three eyed demon clan is after Gunn, Wes and Cordy. It's up to Angel to save them... If they can all start trusting him again.    ",angel
131,The Body,Buffy the Vampire Slayer,5,16,9.701234567891,4853,2001-02-27,2001,"
    Buffy, Dawn, and their friends deal with the aftermath of Joyce's death.    ",buffy
132,Disharmony,Angel,2,17,8.401234567891,1399,2001-04-17,2001,"
    Angel and his friends fight a new vampire running a motivational pyramid scheme. And Cordelia helps her old friend Harmony, who's now a vampire.    ",angel
133,Forever,Buffy the Vampire Slayer,5,17,8.301234567891,2034,2001-04-17,2001,"
    With some help from Spike, Dawn attempts to bring Joyce back from the dead.    ",buffy
134,Dead End,Angel,2,18,8.701234567891,1447,2001-04-24,2001,"
    Wolfram and Hart arranges for Lindsey to get a new hand, but when it turns out to be evil, Angel investigates the firm's source of body parts.    ",angel
135,Intervention,Buffy the Vampire Slayer,5,18,8.801234567891,2055,2001-04-24,2001,"
    A weary Buffy seeks to regain focus by embarking on a quest with the First Slayer; Spike cavorts with his very own ""Buffybot"" and Glory instructs her minions to spy on Buffy's friends in the hopes of ascertaining the Key's true identity.    ",buffy
136,Belonging,Angel,2,19,8.101234567891,1287,2001-05-01,2001,"
    A magic portal from another world brings a nasty demon--and the Host's cousin--to Los Angeles.    ",angel
137,Tough Love,Buffy the Vampire Slayer,5,19,8.001234567891,1787,2001-05-01,2001,"
    When Tara falls victim to Glory's incredible power, Willow embraces dark magic and launches a counterattack.    ",buffy
138,Over the Rainbow,Angel,2,20,8.601234567891,1376,2001-05-08,2001,"
    Angel and his friends travel to the Host's home world to look for Cordelia.    ",angel
139,Spiral,Buffy the Vampire Slayer,5,20,8.101234567891,1835,2001-05-08,2001,"
    Realizing they may never be able to vanquish Glory, Buffy and the gang decide to flee Sunnydale in Spike's R.V. to protect Dawn.    ",buffy
140,Through the Looking Glass,Angel,2,21,8.701234567891,1386,2001-05-15,2001,"
    Cordelia meets the Groosalugg while Wesley, Gunn and Angel get a good look at the beast that lives within Angel.    ",angel
141,The Weight of the World,Buffy the Vampire Slayer,5,21,7.901234567891,1778,2001-05-15,2001,"
    When Buffy lapses into a catatonic state, Willow uses magic to find out why; a tug-of-war erupts between Glory and Ben over Dawn's ultimate fate.    ",buffy
142,There's No Place Like Plrtz Glrb,Angel,2,22,8.801234567891,1371,2001-05-22,2001,"
    Wesley and Gunn storm the Pylean castle while Angel fights the Groosalugg    ",angel
143,The Gift,Buffy the Vampire Slayer,5,22,9.601234567891,3468,2001-05-22,2001,"
    As Glory prepares Dawn for a bloodletting ritual that will open a portal to another dimension, Buffy and her friends prepare for battle.    ",buffy
144,Heartthrob,Angel,3,1,8.101234567891,1330,2001-09-24,2001,"
    As Angel mourns Buffy's death, he battles a lovelorn vampire seeking revenge for the death of his beloved, who was killed by Angel.    ",angel
145,That Vision Thing,Angel,3,2,8.401234567891,1330,2001-10-01,2001,"
    Lilah coerces Angel to help her secure the release of a prisoner the Powers That Be have locked in a fiery prison.    ",angel
146,Bargaining: Part 1,Buffy the Vampire Slayer,6,1,8.101234567891,1958,2001-10-02,2001,"
    The gang hope to bring Buffy back from the dead. Meanwhile, motorcycle-riding demons discover the Buffybot has been posing as the Slayer.    ",buffy
147,Bargaining: Part 2,Buffy the Vampire Slayer,6,2,8.201234567891,1854,2001-10-02,2001,"
    As the Hellions continue to ravage Sunnydale, a feral Buffy claws her way out of her own grave and must come to the aid of her friends.    ",buffy
148,That Old Gang of Mine,Angel,3,3,7.901234567891,1282,2001-10-08,2001,"
    Gunn's loyalties are torn between his current demon-hunting associates and his old gang, which now kills demons for fun instead of defense.    ",angel
149,After Life,Buffy the Vampire Slayer,6,3,7.801234567891,1663,2001-10-09,2001,"
    Buffy and her friends battle a demon that may have hitched a ride with Buffy as she crossed into the world from another dimension.    ",buffy
150,Carpe Noctem,Angel,3,4,8.301234567891,1320,2001-10-15,2001,"
    An old man uses an ancient incantation to switch bodies with Angel.    ",angel
151,Flooded,Buffy the Vampire Slayer,6,4,7.201234567891,1581,2001-10-16,2001,"
    While trying to get a loan, Buffy runs afoul of three deadbeat sorcerers who are using the otherworldly powers of a demon to rob a bank.    ",buffy
152,Fredless,Angel,3,5,7.501234567891,1057,2001-10-22,2001,"
    Fred prepares to go home to her parents--until she earns a place with the group by figuring out the key to an attack launched by large bug demons.    ",angel
153,Life Serial,Buffy the Vampire Slayer,6,5,7.901234567891,1685,2001-10-23,2001,"
    Buffy's powers are tested by Andrew, Jonathan and Warren, who seek to expose and exploit her weaknesses in an effort to destroy her.    ",buffy
154,Billy,Angel,3,6,8.701234567891,1374,2001-10-29,2001,"
    Angel's friends are affected by a man with the power to make other men brutalize women.    ",angel
155,All the Way,Buffy the Vampire Slayer,6,6,7.001234567891,1668,2001-10-30,2001,"
    Dawn discovers her crush has a deadly secret. Xander announces his engagement to Anya, and Tara worries about Willow's reliance on magic.    ",buffy
156,Offspring,Angel,3,7,7.501234567891,1034,2001-11-05,2001,"
    Darla returns to reveal that she's pregnant with Angel's child.    ",angel
157,"Once More, with Feeling",Buffy the Vampire Slayer,6,7,9.801234567891,7665,2001-11-06,2001,"
    In this musical extravaganza, Sunnydale residents find themselves bursting into song, and flame, when a demon attempts to make Dawn his bride.    ",buffy
158,Quickening,Angel,3,8,7.501234567891,1006,2001-11-12,2001,"
    As Angel tries to determine what kind of baby Darla will have, Holtz searches for Angel, and Lilah and Nathan send out a SWAT team to find Darla.    ",angel
159,Tabula Rasa,Buffy the Vampire Slayer,6,8,9.201234567891,2746,2001-11-13,2001,"
    While trying to find a way to make Buffy forget about her afterlife experience, Willow inadvertently casts a spell that erases everyone's memories.    ",buffy
160,Lullaby,Angel,3,9,8.401234567891,1196,2001-11-19,2001,"
    As Darla goes through a difficult labor, Holtz pursues Angel.    ",angel
161,Smashed,Buffy the Vampire Slayer,6,9,7.901234567891,1858,2001-11-20,2001,"
    Willow turns Amy the Rat into her old self; Jonathan, Warren and Andrew steal a diamond; and Spike discovers something unexpected about Buffy.    ",buffy
162,Wrecked,Buffy the Vampire Slayer,6,10,7.601234567891,1743,2001-11-27,2001,"
    Amy introduces Willow to a warlock whose powerful black magic proves addictive; Buffy and Spike deal with the aftermath of their night of passion.    ",buffy
163,Dad,Angel,3,10,7.201234567891,1031,2001-12-10,2001,"
    Angel tries to keep his son safe from the many demons, vampires and humans who wish him harm, and Holtz joins forces with another vampire slayer.    ",angel
164,Gone,Buffy the Vampire Slayer,6,11,7.801234567891,1638,2002-01-08,2002,"
    The Three Geeks mistakenly turn Buffy invisible. The Slayer takes some advantage from going unseen. Willow has to do the detective without using magic, while Xander finds Spike doing some weird physical training.    ",buffy
165,Birthday,Angel,3,11,8.401234567891,1185,2002-01-14,2002,"
    Cordelia learns that her visions will kill her unless she goes back in time and chooses a different path in life--one that doesn't involve Angel.    ",angel
166,Provider,Angel,3,12,6.901234567891,1028,2002-01-21,2002,"
    Fred solves a puzzle for a group of demons who want to buy her brain, and Angel is hired to clean out a vampire nest.    ",angel
167,Doublemeat Palace,Buffy the Vampire Slayer,6,12,6.501234567891,1852,2002-01-29,2002,"
    When Buffy gets a job at the Doublemeat Palace, a local fast-food restaurant, she begins to believe that disappearing co-workers and the secret ingredient to the restaurant's hamburger may be connected.    ",buffy
168,Waiting in the Wings,Angel,3,13,9.001234567891,1519,2002-02-04,2002,"
    Angel and his friends attend a ballet, where Angel realizes he saw the exact same dancers on stage 110 years ago.    ",angel
169,Dead Things,Buffy the Vampire Slayer,6,13,7.501234567891,1631,2002-02-05,2002,"
    After Jonathan, Andrew, and Warren accidentally kill Warren's ex-girlfriend Katrina, they set Buffy up to make her believe it was she who killed the girl.    ",buffy
170,Older and Far Away,Buffy the Vampire Slayer,6,14,7.601234567891,1582,2002-02-12,2002,"
    After Dawn talks to a guidance counselor about her feeling lonely, she accidentally puts a spell on Buffy and her friends, trapping them inside the Summer's house with a sword-wielding demon.    ",buffy
171,Couplet,Angel,3,14,7.101234567891,955,2002-02-18,2002,"
    Angel struggles with his jealousy of the Groosalugg and Cordelia's attraction to him, while Gunn and Fred get captured by a tree monster.    ",angel
172,Loyalty,Angel,3,15,7.901234567891,977,2002-02-25,2002,"
    Wes dreads the fulfillment of the prophecy that Angel will kill Connor, and Sahjhan becomes dissatisfied with Holtz's progress in staking Angel.    ",angel
173,As You Were,Buffy the Vampire Slayer,6,15,6.501234567891,1750,2002-02-26,2002,"
    Buffy's old boyfriend, Riley Finn, shows up unexpectedly as he tracks a demon about to hatch eggs that could wipe out Sunnydale.    ",buffy
174,Sleep Tight,Angel,3,16,8.301234567891,1071,2002-03-04,2002,"
    To save Connor's life, Wes takes him away from Angel; Angel uncovers Lilah's plot to have him kill Connor; Holtz finally attacks.    ",angel
175,Hell's Bells,Buffy the Vampire Slayer,6,16,7.801234567891,1843,2002-03-05,2002,"
    Anya and Xander's wedding is thrown into turmoil when a man claiming to be Xander's future self turns up at the ceremony.    ",buffy
176,Normal Again,Buffy the Vampire Slayer,6,17,8.201234567891,2271,2002-03-12,2002,"
    After Buffy is stung by a demon, she begins to have vivid day-dreams about a mental asylum. She gradually begins to believe that she is a crazy girl back in L.A and that Sunnydale and all her friends are just a figment of her imagination.    ",buffy
177,Forgiving,Angel,3,17,8.401234567891,1132,2002-04-15,2002,"
    As Fred and Gunn search for Wesley, Angel searches for Sahjhan and casts a spell to make him corporeal so he can be killed.    ",angel
178,Double or Nothing,Angel,3,18,6.801234567891,963,2002-04-22,2002,"
    When a demon Gunn once sold his soul to comes to collect on the debt, Angel, Fred and Cordelia help to save him.    ",angel
179,The Price,Angel,3,19,7.401234567891,936,2002-04-29,2002,"
    Angel's hotel is infested by demonic slugs created by the spell he used to alter Sahjhan.    ",angel
180,Entropy,Buffy the Vampire Slayer,6,18,7.801234567891,1587,2002-04-30,2002,"
    Anya returns to Sunnydale, bent on revenge for Xander leaving her at the altar. She has since become a Vengence demon again, but ends up hurting Xander in a way she never expected.    ",buffy
181,A New World,Angel,3,20,7.501234567891,971,2002-05-06,2002,"
    Angel pursues Connor, who makes a new friend on the streets; something else comes through the portal from Quor-toth; Lilah approaches Wesley.    ",angel
182,Seeing Red,Buffy the Vampire Slayer,6,19,8.401234567891,1989,2002-05-07,2002,"
    Willow and Tara wallow in their togetherness, but things aren't as happy everywhere else. Buffy has to face both Xander and Spike, whilst tracking Warren and Company to foil their next move.    ",buffy
183,Benediction,Angel,3,21,7.801234567891,951,2002-05-13,2002,"
    Holtz insists that Connor rejoin Angel, Justine learns Holtz is back, and the Groosalugg realizes the depth of Cordelia's feelings for Angel.    ",angel
184,Villains,Buffy the Vampire Slayer,6,20,8.601234567891,2031,2002-05-14,2002,"
    A vengeful Willow uses her enormous power to track down Warren, despite Buffy's strong feelings about targeting humans.    ",buffy
185,Tomorrow,Angel,3,22,8.001234567891,1024,2002-05-20,2002,"
    Connor returns to Angel to seek his revenge, and Angel and Cordelia acknowledge their feelings for each other.    ",angel
186,Two to Go,Buffy the Vampire Slayer,6,21,8.601234567891,1921,2002-05-21,2002,"
    Fueled by black magic, Willow targets Andrew and Jonathan, leading to a battle between Buffy and Willow; Spike fights an unstoppable foe.    ",buffy
187,Grave,Buffy the Vampire Slayer,6,22,8.701234567891,2235,2002-05-21,2002,"
    After sucking all the energy out of Giles, a powerful Willow sets off to destroy the world.    ",buffy
188,Lessons,Buffy the Vampire Slayer,7,1,7.601234567891,1643,2002-09-24,2002,"
    Sunnydale High is re-opened, with a new designed campus and a new principal, Robin Wood. It is Dawn's first day at school there and Buffy accompanies her to class, only to discover evil spirits lurking in the basement.    ",buffy
189,Beneath You,Buffy the Vampire Slayer,7,2,7.801234567891,1739,2002-10-01,2002,"
    A giant worm-like creature begins stalking a young woman. As the gang begin to investigate, they realise it's appearance in Sunnydale may be linked to Anya.    ",buffy
190,Deep Down,Angel,4,1,8.701234567891,1238,2002-10-06,2002,"
    As Fred and Gunn search for Angel, Wesley continues his affair with Lilah and conducts his own, more fruitful search.    ",angel
191,"Same Time, Same Place",Buffy the Vampire Slayer,7,3,7.901234567891,1607,2002-10-08,2002,"
    Willow's return proves problematic when she is literally unable to see her friends--and is left with a creature that paralyzes its victims.    ",buffy
192,Ground State,Angel,4,2,7.601234567891,974,2002-10-13,2002,"
    In his quest to steal an artifact that may help him find Cordelia, Angel competes with a human thief whose body is electrically charged.    ",angel
193,Help,Buffy the Vampire Slayer,7,4,7.801234567891,1623,2002-10-15,2002,"
    Buffy begins a new job as school counsellor at Sunnydale High. On her first day she encounters a troubled young girl who is convinced she is about to die.    ",buffy
194,The House Always Wins,Angel,4,3,7.101234567891,962,2002-10-20,2002,"
    Angel, Fred and Gunn discover that Lorne is being held prisoner in a corrupt Las Vegas casino.    ",angel
195,Selfless,Buffy the Vampire Slayer,7,5,8.801234567891,2072,2002-10-22,2002,"
    Anya's violent and deadly act of vengeance leaves everyone stunned. Buffy must put aside her feelings and take action before more people die.    ",buffy
196,Slouching Toward Bethlehem,Angel,4,4,7.201234567891,921,2002-10-27,2002,"
    Unable to remember her friends and scared by the world of demons and vampires, Cordelia takes refuge with Connor, who saves her from a demon attack.    ",angel
197,Supersymmetry,Angel,4,5,7.401234567891,934,2002-11-03,2002,"
    Fred discovers that her old physics professor is the one who exiled her to Pylea, and Cordelia begins to wonder about her history with Angel.    ",angel
198,Him,Buffy the Vampire Slayer,7,6,7.001234567891,1813,2002-11-05,2002,"
    Xander and Spike search for the source of a spell that has bewitched the girls into competing for the affections of the high school quarterback.    ",buffy
199,Spin the Bottle,Angel,4,6,9.201234567891,1455,2002-11-10,2002,"
    Lorne's spell to restore Cordelia's memory makes everyone think they're high school students who have been gathered to hunt a vampire: Angel.    ",angel
200,Conversations with Dead People,Buffy the Vampire Slayer,7,7,8.901234567891,2432,2002-11-12,2002,"
    Buffy strikes up a conversation with a vampire who was once an acquaintance in high school. Dawn defends Joyce from a menacing creature.    ",buffy
201,"Apocalypse, Nowish",Angel,4,7,7.701234567891,1108,2002-11-17,2002,"
    As plagues of various pests descend on Los Angeles, the beast Cordelia saw in her vision returns--and the Apocalypse begins.    ",angel
202,Sleeper,Buffy the Vampire Slayer,7,8,7.801234567891,1567,2002-11-19,2002,"
    Buffy and her friends fear Spike may be to blame when a number of people around town mysteriously disappear.    ",buffy
203,Never Leave Me,Buffy the Vampire Slayer,7,9,7.801234567891,1500,2002-11-26,2002,"
    Buffy hopes to learn more about what she's up against with the First by taking Spike prisoner; Xander and Anya interrogate Andrew.    ",buffy
204,Bring on the Night,Buffy the Vampire Slayer,7,10,7.701234567891,1514,2002-12-17,2002,"
    Giles returns to Sunnydale with three potential slayers, whom Buffy must protect from The First. Meanwhile, a ferocious Uber-vampire is released from the Hellmouth and Buffy must kill it before it kills one of the potentials.    ",buffy
205,Showtime,Buffy the Vampire Slayer,7,11,8.001234567891,1594,2003-01-07,2003,"
    Buffy has to keep the ever increasing number of potential Slayers from panicking while Giles and Anya seek answers from the Beljoxa's Eye.    ",buffy
206,Habeas Corpses,Angel,4,8,8.101234567891,998,2003-01-15,2003,"
    Connor gets locked inside Wolfram and Hart with the big bad doomsday beast, who turns the legal firm's staff into an army of zombies.    ",angel
207,Potential,Buffy the Vampire Slayer,7,12,7.601234567891,1500,2003-01-21,2003,"
    Buffy takes the Potentials to a demon bar and then to Spike's crypt, in order to teach them the art of slaying. When Willow casts a spell to seek out the next Potential, the spell leads them to believe that Dawn may be a future slayer.    ",buffy
208,Long Day's Journey,Angel,4,9,7.801234567891,969,2003-01-22,2003,"
    After a group of totems linked to the ancient sun god Ra are killed by the big, bad Beast, Angel realizes he's plotting to turn off the sun.    ",angel
209,Awakening,Angel,4,10,9.001234567891,1287,2003-01-29,2003,"
    Angel agrees to try to bring Angelus back, but after the first attempt fails, the group discovers a magic sword that might do a better job.    ",angel
210,The Killer in Me,Buffy the Vampire Slayer,7,13,7.101234567891,1597,2003-02-04,2003,"
    After Willow and Kennedy share their first kiss, Willow is transformed into Warren, the man she killed last year. When she sets out to find help, she bumps into an old friend. Meanwhile, Buffy searches for answers when Spike's chip causes him great pain, and the gang suspect that Giles may really be The First    ",buffy
211,Soulless,Angel,4,11,9.101234567891,1276,2003-02-05,2003,"
    Cordelia offers Angelus a deal: if he tells what he knows about the Beast, she'll give herself to him.    ",angel
212,First Date,Buffy the Vampire Slayer,7,14,7.401234567891,1498,2003-02-11,2003,"
    Buffy accepts an invitation to dinner from Principal Wood, and the secrets of his past are revealed. Xander impresses a beautiful girl with his knowledge of rope, and she seems to be interested in tying him up. Meanwhile, the First contacts Andrew in another attempt to destroy the Potentials, and Giles finds himself tongue-tied with the new Potential, Chao-Ahn.    ",buffy
213,Calvary,Angel,4,12,9.001234567891,1204,2003-02-12,2003,"
    After learning the doomsday Beast is working for something bigger and badder than itself, Angel's friends try to return his soul to Angelus's body.    ",angel
214,Get It Done,Buffy the Vampire Slayer,7,15,7.501234567891,1483,2003-02-18,2003,"
    The Scoobies use a spell to transport Buffy into a shadow world, where she meets the men who created the first slayer. However, in order for her to return home, the gang must find and slay a ferocious demon    ",buffy
215,Storyteller,Buffy the Vampire Slayer,7,16,8.201234567891,1882,2003-02-25,2003,"
    Andrew creates a documentary called ""Buffy, Slayer of the Vampyres"", a record of the current situation in Sunnydale to show to future generations. He manages to capture many important moments, and to annoy almost everyone in the house. But Buffy needs to tear him away from his filmmaking because the Seal of Danzalthar is active and Andrew may hold the key to closing it before it destroys the town.    ",buffy
216,Salvage,Angel,4,13,9.201234567891,1368,2003-03-05,2003,"
    After releasing Faith from prison, Wesley takes her to Los Angeles hoping she will be able to trap Angelus. Faith finds Angelus and The Beast.    ",angel
217,Release,Angel,4,14,9.001234567891,1243,2003-03-12,2003,"
    As Faith and Angel continue their battle, the voice of the Beast's master invades Angel's mind.    ",angel
218,Orpheus,Angel,4,15,9.301234567891,1493,2003-03-19,2003,"
    Fred calls Willow to re-en soul Angel. She encounters unexpected resistance from a mysterious source. Faith's strategy to capture Angelus has an unexpected side affect. She enters Angel's mind and witnesses some of his past.    ",angel
219,Lies My Parents Told Me,Buffy the Vampire Slayer,7,17,8.901234567891,2149,2003-03-25,2003,"
    Robin Wood seeks revenge on Spike for killing his mother nearly 30 years ago, whilst everyone else tries to find out how The First has control over him.    ",buffy
220,Players,Angel,4,16,7.201234567891,942,2003-03-26,2003,"
    As Angel tries to remember what Lilah's book said about the Master, Lorne plans a cleansing ritual to regain his empathic powers.    ",angel
221,Inside Out,Angel,4,17,7.501234567891,945,2003-04-02,2003,"
    As Cordelia prepares to give birth, Angel and his friends finally learn that she--or an evil presence controlling her--is the Beast's master.    ",angel
222,Shiny Happy People,Angel,4,18,6.901234567891,1005,2003-04-09,2003,"
    While everyone else worships the beautiful woman Cordelia bore, Fred sees another side of her.    ",angel
223,Dirty Girls,Buffy the Vampire Slayer,7,18,8.701234567891,1665,2003-04-15,2003,"
    Faith returns to Sunnydale just as a new villain, Caleb, arrives and sends Buffy a message in the form of a badly beaten Potential. Buffy leads the rest of the girls to Caleb and The First's lair, with devastating consequences.    ",buffy
224,The Magic Bullet,Angel,4,19,7.501234567891,1057,2003-04-16,2003,"
    As Jasmine's influence continues to spread, Fred finally tricks Angel into seeing her true nature.    ",angel
225,Sacrifice,Angel,4,20,7.101234567891,966,2003-04-23,2003,"
    Hiding out in a sewer, Angel and his friends fight a nasty monster who provides some clues that could help them in their battle against Jasmine.    ",angel
226,Empty Places,Buffy the Vampire Slayer,7,19,7.701234567891,1555,2003-04-29,2003,"
    After their horrifying loss at the vineyard, the gang turn against Buffy and begin to follow Faith instead. Meanwhile, Spike and Andrew travel to an old church to question a priest about Caleb.    ",buffy
227,Peace Out,Angel,4,21,7.501234567891,965,2003-04-30,2003,"
    Angel returns from the monster's dimension and finally defuses Jasmine's all-encompassing power.    ",angel
228,Touched,Buffy the Vampire Slayer,7,20,8.601234567891,1876,2003-05-06,2003,"
    Faith and the Potentials search underground for a weapon, whilst Buffy confronts Caleb at the vineyard.    ",buffy
229,Home,Angel,4,22,8.101234567891,1166,2003-05-07,2003,"
    Lilah returns from the dead to offer Angel and his friends full ownership of Wolfram and Hart.    ",angel
230,End of Days,Buffy the Vampire Slayer,7,21,8.701234567891,1883,2003-05-13,2003,"
    Buffy has a powerful new weapon, but the gang cannot find any information about the origins of the mysterious scythe. Eventually the Slayer goes herself in search of knowledge, and finds a new ally, an old friend, and great danger.    ",buffy
231,Chosen,Buffy the Vampire Slayer,7,22,9.301234567891,3456,2003-05-20,2003,"
    After killing Caleb, Buffy conceives a plan to defeat the First once and for all. Willow invokes a magic spell that alters the ancient Slayer spell and gives Buffy the allies she needs to fight the Uber-Vamp army. An epic battle ensues and several good friends are lost. At the end, Buffy faces a completely new problem -- one she's glad to have.    ",buffy
232,Conviction,Angel,5,1,8.601234567891,1394,2003-10-01,2003,"
    Angel and the gang adjust to life at Wolfram & Hart, while Angel lets loose the shocking contents of a package from Sunnydale.    ",angel
233,Just Rewards,Angel,5,2,8.601234567891,1346,2003-10-08,2003,"
    Angel and Spike challenge a necromancer who is unhappy with Wolfram and Hart's new leadership.    ",angel
234,Unleashed,Angel,5,3,8.101234567891,1269,2003-10-15,2003,"
    Angel saves a woman from a werewolf attack, but not before the woman was bitten. Now she will become a werewolf. As Team Angel tries to help her cope with her new situation, someone else would like to have Werewolf for dinner.    ",angel
235,Hell-Bound,Angel,5,4,8.701234567891,1349,2003-10-22,2003,"
    Fred faces technical and budgetary setbacks in her project to make Spike corporeal. Meanwhile, Spike is beset by grisly apparitions that only he can see.    ",angel
236,Life of the Party,Angel,5,5,8.601234567891,1384,2003-10-29,2003,"
    When Lorne gets his sleep removed to prepare for the firm's Halloween Party, he doesn't realize the consequences. At the party, everyone has to do what he tells them to do, but mystically. In the end, Spike is thinking positively, Gunn is ""marking his territory"", Angel and Eve get a room, and Wes and Fred are drunk. They all have to get Lorne to sleep before...well, watch the episode.    ",angel
237,The Cautionary Tale of Numero Cinco,Angel,5,6,7.401234567891,1361,2003-11-05,2003,"
    It turns out that the Wolfram & Hart mail guy is more than he seems. He and his brothers were once demon fighters. But, when he lost his family in battle, he gave up on being a Champion. When one of his old foes comes to town, though, he has to help Team Angel defeat it.    ",angel
238,Lineage,Angel,5,7,8.601234567891,972,2003-11-12,2003,"
    Wesley's father comes for a visit. With his father overseeing and critiquing everything he does, his old feelings of insecurity arise. Also, Wolfram and Hart is besieged by robot ninjas.    ",angel
239,Destiny,Angel,5,8,9.101234567891,1357,2003-11-19,2003,"
    Spike receives a mysterious box of ""flashy"" in the mail and is shocked when it somehow recorporealizes him. He's thrilled to be solid again, but when odd things start happening at Wolfram & Hart, Eve says that they now have a problem. With Spike an un-ghosted Vampire Champion, the Shanshu Prophesy could also apply to him. Spike & Angel have to try and figure out which one of them is destined to become human again.    ",angel
240,Harm's Way,Angel,5,9,8.601234567891,1385,2004-01-14,2004,"
    Harmony is having trouble adjusting to working for Angel. The other employees of Wolfram & Hart ignore her and she's feeling depressed about her life. After a night out with Fred, though, Harm's troubles are about to get a lot more serious.    ",angel
241,Soul Purpose,Angel,5,10,8.201234567891,1288,2004-01-21,2004,"
    Lindsey and Eve continue to plot against Team Angel. Lindsey approaches Spike, telling him that the Powers That Be have selected Spike to be the new Champion now that Angel is working for Wolfram & Hart. Meanwhile, Angel is caught in a series of hallucinations and can't wake up.    ",angel
242,Damage,Angel,5,11,8.801234567891,1365,2004-01-28,2004,"
    A psychotic vampire slayer has escaped from her asylum, and is now on the loose in Los Angeles. Angel and Spike are on the hunt for her, before she does more damage. Once she is found, looking for pieces of her past, she believes that Spike was the man who drove her towards insanity, and wants to seek revenge.    ",angel
243,You're Welcome,Angel,5,12,9.501234567891,2046,2004-02-04,2004,"
    Cordelia awakens from her magically induced coma and returns to help Angel fight an old enemy who has reappeared even more powerful than ever.    ",angel
244,Why We Fight,Angel,5,13,6.701234567891,1290,2004-02-11,2004,"
    Angel's past comes to haunt him. An ally from World War II takes Fred, Gunn, and Wes hostage while seeking Angel. This is the only vampire Angel sired after he got his soul back. Angel relives the past and must determine his future.    ",angel
245,Smile Time,Angel,5,14,9.501234567891,2064,2004-02-18,2004,"
    Angel and the gang set out to foil an evil puppet show that is sucking the brain power of all the children who watch. During their fight, Angel is turned into a puppet himself and must rely upon his friends in order to reverse the spell which holds him at one foot tall.    ",angel
246,A Hole in the World,Angel,5,15,9.401234567891,1708,2004-02-25,2004,"
    When an ancient sarcophagus arrives in the laboratory at Wolfram & Hart, Fred opens a small compartment and is infected by an ancient disease that slowly begins to kill her. As Angel and Spike travel across the world in order to help her, Wesley slowly begins to realize that there may be no stopping this disease.    ",angel
247,Shells,Angel,5,16,9.201234567891,1334,2004-03-03,2004,"
    As Angel and the gang try desperately to bring Fred back, Wesley begins to understand that the ancient demon Illyria, now fused with Fred's body, is here to stay. Exhausting all options for saving Fred, the gang switches gears to stop Illyria and her plan for global domination.    ",angel
248,Underneath,Angel,5,17,8.901234567891,1393,2004-04-14,2004,"
    Angel, Spike and Gunn travel to a surprisingly unusual hell dimension to free Lindsey and find out what he knows of the Senior Partners' ultimate plans. With Illyria's army defunct and her plans averted, the gang accepts her as a dubious ally. Wesley, volunteering to be her guide and mentor, falls slowly into depression and self-destruction. Meanwhile, the Senior Partners send a new, unstoppable force, a new liaison and businessman, named Marcus Hamilton, to find Eve, and Gunn makes an important decision in an attempt to protect his friends... and save his soul.    ",angel
249,Origin,Angel,5,18,8.601234567891,859,2004-04-21,2004,"
    Parents bring their son to Wolfram and Hart to try to make sense of their son's superhuman abilities. Team Angel wants their assistance, but Angel refuses, because it's his son Connor. A demon is after Connor, but without his memories of his old life, he doesn't have much of a chance against the demon. True memories are revealed for Connor and a member of Team Angel    ",angel
250,Time Bomb,Angel,5,19,8.701234567891,1206,2004-04-28,2004,"
    Illyria begins acting more strangely than usual. After she rescues Gunn from the suburban hell dimension, she begins displaying more power. After a hint from Hamilton, Wesley discovers that Fred's body is insufficient to contain Illyria's power, and she is about to explode. Meanwhile, Angel discovers that she is unintentionally leapfrogging through time, and uses it as possibly the only way to stop her. Also, Gunn begins to have suspicions about Angel being corrupted when he allows a demonic brethren to accept a pregnant young woman's baby as an upcoming sacrificial ...    ",angel
251,The Girl in Question,Angel,5,20,8.301234567891,1484,2004-05-05,2004,"
    Angel and Spike's mission to help resurrect a demon gang leader in Italy is made more complicated when they learn that their former love, Buffy, might be in danger. Meanwhile, when the Burkles make a surprise visit to Wolfram & Hart, Illyria solves the problem by showing Wesley a frightening talent- a talent that challenges his own moral standing.    ",angel
252,Power Play,Angel,5,21,9.101234567891,1271,2004-05-12,2004,"
    The Team have reason to believe that Angel has been utterly corrupted with power when they find evidence that he has joined the Circle of the Black Thorn, the most evil of secret societies. Wesley, Gunn, Spike, and even Illyria discover some surprises when they urge Angel to side with the forces of Good again.    ",angel
253,Not Fade Away,Angel,5,22,9.601234567891,2603,2004-05-19,2004,"
    In the series finale, Angel reveals that his questionable moral behavior has been part of a bigger plan: to destroy The Circle of the Black Thorn and show the Senior Partners that the power of good can still make a difference. Wesley struggles with helping Illyria adapt to the world, scolding her for her attempts to take on Fred's form. As Gunn continues his quest of self-discovery, Lorne becomes more aware of the lack of happiness in the world. Harmony attempts to seduce Marcus Hamilton for information, Lindsey makes an important decision regarding his alliance, and ...    ",angel
